2778001,mistyskye14,1564886498,evxeqc1,clrvbw
2778002,qwertylool,1564886508,evxeqqk,clrvbw
2778003,mistyskye14,1564886542,evxes5m,clrvbw
2778004,qwertylool,1564886551,evxesig,clrvbw
2778005,mistyskye14,1564886568,evxet8b,clrvbw
2778006,qwertylool,1564886605,evxeuqv,clrvbw
2778007,Antichess,1564886799,evxf2kg,clrvbw
2778008,mistyskye14,1564887167,evxfhbg,clrvbw
2778009,Antichess,1564887256,evxfksf,clrvbw
2778010,mistyskye14,1564887293,evxfm9w,clrvbw
2778011,Grilled-Rooster,1564887359,evxfowx,clrvbw
2778012,mistyskye14,1564887387,evxfq2a,clrvbw
2778013,Grilled-Rooster,1564887396,evxfqea,clrvbw
2778014,mistyskye14,1564887426,evxfro7,clrvbw
2778015,Grilled-Rooster,1564887440,evxfs8r,clrvbw
2778016,mistyskye14,1564887517,evxfva9,clrvbw
2778017,Grilled-Rooster,1564887523,evxfvka,clrvbw
2778018,mistyskye14,1564887643,evxg0al,clrvbw
2778019,Grilled-Rooster,1564887650,evxg0ky,clrvbw
2778020,mistyskye14,1564887668,evxg1ar,clrvbw
2778021,Grilled-Rooster,1564887675,evxg1k0,clrvbw
2778022,mistyskye14,1564887874,evxg9ex,clrvbw
2778023,Grilled-Rooster,1564887880,evxg9no,clrvbw
2778024,mistyskye14,1564888031,evxgfml,clrvbw
2778025,qwertylool,1564888341,evxgrid,clrvbw
2778026,Urbul,1564888872,evxhbr5,clrvbw
2778027,mistyskye14,1564889045,evxhia2,clrvbw
2778028,Urbul,1564889078,evxhjgm,clrvbw
2778029,mistyskye14,1564889106,evxhkgl,clrvbw
2778030,[deleted],1564889163,,
2778031,Urbul,1564889232,evxhp43,clrvbw
2778032,CyborgSquad,1564889664,evxi54w,clrvbw
2778033,[deleted],1564889743,evxi83r,clrvbw
2778034,CyborgSquad,1564889782,evxi9jm,clrvbw
2778035,Urbul,1564890079,evxikbo,clrvbw
2778036,CyborgSquad,1564890867,evxjch2,clrvbw
2778037,Urbul,1564890888,evxjd6p,clrvbw
2778038,CyborgSquad,1564890920,evxjebs,clrvbw
2778039,qwertylool,1564891688,evxk4ut,clrvbw
2778040,CyborgSquad,1564891716,evxk5sb,clrvbw
2778041,davidjl123,1564893126,evxlgvn,clrvbw
2778042,CyborgSquad,1564893160,evxlhzd,clrvbw
2778043,[deleted],1564893792,,
2778044,CyborgSquad,1564893814,evxm33j,clrvbw
2778045,Grilled-Rooster,1564893961,evxm7sc,clrvbw
2778046,CyborgSquad,1564894548,evxmq3j,clrvbw
2778047,Antichess,1564894875,evxn00y,clrvbw
2778048,CyborgSquad,1564894905,evxn0wt,clrvbw
2778049,qwertylool,1564894964,evxn2r5,clrvbw
2778050,CyborgSquad,1564894988,evxn3gy,clrvbw
2778051,[deleted],1564895212,evxna7d,clrvbw
2778052,CyborgSquad,1564895233,evxnatz,clrvbw
2778053,Antichess,1564898249,evxpqsp,clrvbw
2778054,Maxipad213,1564898302,evxpsao,clrvbw
2778055,Antichess,1564898364,evxpu0y,clrvbw
2778056,Maxipad213,1564898531,evxpyrs,clrvbw
2778057,llamasR5life,1564899576,evxqriu,clrvbw
2778058,[deleted],1564900102,evxr5mb,clrvbw
2778059,qwertylool,1564901495,evxs6vw,clrvbw
2778060,[deleted],1564901514,evxs7dn,clrvbw
2778061,Antichess,1564903497,evxtlws,clrvbw
2778062,[deleted],1564903830,evxtuau,clrvbw
2778063,AlienApricot,1564907230,evxw4hr,clrvbw
2778064,[deleted],1564907245,evxw4wm,clrvbw
2778065,AlienApricot,1564907263,evxw5aw,clrvbw
2778066,[deleted],1564907288,evxw5w8,clrvbw
2778067,AlienApricot,1564907322,evxw6pv,clrvbw
2778068,[deleted],1564907417,evxw8zh,clrvbw
2778069,AlienApricot,1564907488,evxwaqq,clrvbw
2778070,[deleted],1564907506,evxwb6c,clrvbw
2778071,AlienApricot,1564907572,evxwcri,clrvbw
2778072,[deleted],1564907995,evxwmu6,clrvbw
2778073,TehVulpez,1564908107,evxwpij,clrvbw
2778074,[deleted],1564908122,evxwpup,clrvbw
2778075,AlienApricot,1564908147,evxwqel,clrvbw
2778076,qwertylool,1564908979,evxxaol,clrvbw
2778077,AlienApricot,1564909001,evxxb7b,clrvbw
2778078,[deleted],1564909072,evxxcvh,clrvbw
2778079,AlienApricot,1564909086,evxxd6x,clrvbw
2778080,[deleted],1564909134,evxxebl,clrvbw
2778081,TehVulpez,1564909147,evxxen6,clrvbw
2778082,AlienApricot,1564909173,evxxf99,clrvbw
2778083,TehVulpez,1564909184,evxxfj9,clrvbw
2778084,AlienApricot,1564909198,evxxfw5,clrvbw
2778085,TehVulpez,1564909310,evxxik6,clrvbw
2778086,[deleted],1564909423,evxxl8p,clrvbw
2778087,TehVulpez,1564909494,evxxmzb,clrvbw
2778088,[deleted],1564909832,evxxuz5,clrvbw
2778089,AlienApricot,1564910529,evxybl6,clrvbw
2778090,[deleted],1564910659,evxyeog,clrvbw
2778091,AlienApricot,1564910749,evxygs9,clrvbw
2778092,[deleted],1564910775,evxyhel,clrvbw
2778093,AlienApricot,1564910871,evxyjq7,clrvbw
2778094,[deleted],1564911307,evxyu6q,clrvbw
2778095,AlienApricot,1564912338,evxzjrg,clrvbw
2778096,[deleted],1564912438,evxzm8u,clrvbw
2778097,llamasR5life,1564914878,evy1e5w,clrvbw
2778098,[deleted],1564914931,evy1fnn,clrvbw
2778099,llamasR5life,1564915033,evy1iiq,clrvbw
2778100,[deleted],1564915311,evy1qdm,clrvbw
2778101,TehVulpez,1564917891,evy3xqp,clrvbw
2778102,[deleted],1564917907,evy3y9t,clrvbw
2778103,TehVulpez,1564917948,evy3zju,clrvbw
2778104,[deleted],1564918239,evy494g,clrvbw
2778105,noOne000Br,1564922322,evy8hww,clrvbw
2778106,-R3DF0X,1564922881,evy95qg,clrvbw
2778107,[deleted],1564923144,evy9h5b,clrvbw
2778108,-R3DF0X,1564923257,evy9lzu,clrvbw
2778109,TehVulpez,1564923665,evya417,clrvbw
2778110,noOne000Br,1564923934,evyag0b,clrvbw
2778111,TehVulpez,1564923998,evyaiyg,clrvbw
2778112,noOne000Br,1564924015,evyajp5,clrvbw
2778113,[deleted],1564924038,evyakrk,clrvbw
2778114,noOne000Br,1564924153,evyaq1j,clrvbw
2778115,TehVulpez,1564924187,evyarm1,clrvbw
2778116,noOne000Br,1564924194,evyaryb,clrvbw
2778117,TehVulpez,1564924286,evyaw70,clrvbw
2778118,[deleted],1564925312,evyc8d9,clrvbw
2778119,-R3DF0X,1564925608,evycmhc,clrvbw
2778120,TehVulpez,1564925996,evyd5m1,clrvbw
2778121,[deleted],1564926494,evydug1,clrvbw
2778122,mistyskye14,1564926805,evyeae3,clrvbw
2778123,[deleted],1564926869,evyedl0,clrvbw
2778124,mistyskye14,1564926909,evyefll,clrvbw
2778125,[deleted],1564927467,evyf70n,clrvbw
2778126,mistyskye14,1564927707,evyfinw,clrvbw
2778127,[deleted],1564928229,evyg8cy,clrvbw
2778128,mistyskye14,1564928308,evygc9y,clrvbw
2778129,TehVulpez,1564929428,evyhwt2,clrvbw
2778130,mistyskye14,1564929511,evyi13l,clrvbw
2778131,noOne000Br,1564929932,evyin8g,clrvbw
2778132,mistyskye14,1564930041,evyissi,clrvbw
2778133,noOne000Br,1564930056,evyitjd,clrvbw
2778134,mistyskye14,1564930084,evyiuyj,clrvbw
2778135,[deleted],1564930152,evyiyj4,clrvbw
2778136,noOne000Br,1564930192,evyj0j3,clrvbw
2778137,[deleted],1564930214,evyj1p1,clrvbw
2778138,noOne000Br,1564930237,evyj2vp,clrvbw
2778139,[deleted],1564930264,evyj47r,clrvbw
2778140,noOne000Br,1564930369,evyj9l1,clrvbw
2778141,mistyskye14,1564930573,evyjkbi,clrvbw
2778142,noOne000Br,1564931616,evyl477,clrvbw
2778143,qwertylool,1564931755,evylbl1,clrvbw
2778144,noOne000Br,1564931788,evyldcm,clrvbw
2778145,qwertylool,1564931798,evyldvl,clrvbw
2778146,noOne000Br,1564931820,evylf33,clrvbw
2778147,qwertylool,1564931826,evylffc,clrvbw
2778148,noOne000Br,1564931857,evylh33,clrvbw
2778149,qwertylool,1564931864,evylhih,clrvbw
2778150,noOne000Br,1564931908,evyljuf,clrvbw
2778151,qwertylool,1564931918,evylkdo,clrvbw
2778152,noOne000Br,1564931937,evylleb,clrvbw
2778153,qwertylool,1564931959,evylmku,clrvbw
2778154,noOne000Br,1564931968,evyln29,clrvbw
2778155,qwertylool,1564931973,evylnc4,clrvbw
2778156,noOne000Br,1564931986,evylo1j,clrvbw
2778157,qwertylool,1564932024,evylq2o,clrvbw
2778158,noOne000Br,1564932043,evylr3h,clrvbw
2778159,qwertylool,1564932050,evylrgq,clrvbw
2778160,noOne000Br,1564932067,evylsf6,clrvbw
2778161,qwertylool,1564932072,evylsnx,clrvbw
2778162,noOne000Br,1564932085,evyltde,clrvbw
2778163,qwertylool,1564932089,evyltkm,clrvbw
2778164,noOne000Br,1564932108,evylump,clrvbw
2778165,qwertylool,1564932114,evylux8,clrvbw
2778166,noOne000Br,1564932127,evylvok,clrvbw
2778167,qwertylool,1564932131,evylvx7,clrvbw
2778168,noOne000Br,1564932141,evylwi7,clrvbw
2778169,qwertylool,1564932145,evylwpf,clrvbw
2778170,noOne000Br,1564932155,evylx7r,clrvbw
2778171,qwertylool,1564932158,evylxdk,clrvbw
2778172,noOne000Br,1564932170,evyly0j,clrvbw
2778173,qwertylool,1564932174,evyly7v,clrvbw
2778174,noOne000Br,1564932212,evym0aa,clrvbw
2778175,qwertylool,1564932216,evym0h8,clrvbw
2778176,noOne000Br,1564932227,evym12z,clrvbw
2778177,qwertylool,1564932232,evym1cg,clrvbw
2778178,noOne000Br,1564932250,evym2by,clrvbw
2778179,qwertylool,1564932253,evym2io,clrvbw
2778180,noOne000Br,1564932269,evym3em,clrvbw
2778181,qwertylool,1564932275,evym3pq,clrvbw
2778182,noOne000Br,1564932300,evym52r,clrvbw
2778183,qwertylool,1564932305,evym5ci,clrvbw
2778184,noOne000Br,1564932314,evym5ut,clrvbw
2778185,qwertylool,1564932321,evym69q,clrvbw
2778186,noOne000Br,1564932351,evym7ux,clrvbw
2778187,qwertylool,1564932364,evym8l9,clrvbw
2778188,noOne000Br,1564932393,evyma6d,clrvbw
2778189,qwertylool,1564932396,evymab5,clrvbw
2778190,noOne000Br,1564932408,evymaxr,clrvbw
2778191,qwertylool,1564932417,evymbgr,clrvbw
2778192,noOne000Br,1564932438,evymclo,clrvbw
2778193,qwertylool,1564932441,evymcrx,clrvbw
2778194,noOne000Br,1564932453,evymdf9,clrvbw
2778195,qwertylool,1564932459,evymdr0,clrvbw
2778196,noOne000Br,1564932520,evymh31,clrvbw
2778197,qwertylool,1564932525,evymhav,clrvbw
2778198,Popboy11,1564932582,evymk9y,clrvbw
2778199,qwertylool,1564932600,evymlb0,clrvbw
2778200,noOne000Br,1564932616,evymm72,clrvbw
2778201,qwertylool,1564932623,evymmk0,clrvbw
2778202,noOne000Br,1564932634,evymn4a,clrvbw
2778203,qwertylool,1564932652,evymo2w,clrvbw
2778204,noOne000Br,1564932703,evymqr6,clrvbw
2778205,qwertylool,1564932709,evymr3g,clrvbw
2778206,noOne000Br,1564932755,evymtj3,clrvbw
2778207,qwertylool,1564932762,evymtxf,clrvbw
2778208,noOne000Br,1564932801,evymvxc,clrvbw
2778209,qwertylool,1564932806,evymw5n,clrvbw
2778210,noOne000Br,1564932816,evymwoe,clrvbw
2778211,qwertylool,1564932820,evymwxh,clrvbw
2778212,noOne000Br,1564932852,evymymg,clrvbw
2778213,qwertylool,1564932855,evymysg,clrvbw
2778214,noOne000Br,1564932871,evymzne,clrvbw
2778215,qwertylool,1564932884,evyn0bt,clrvbw
2778216,noOne000Br,1564932903,evyn1dj,clrvbw
2778217,qwertylool,1564932907,evyn1mk,clrvbw
2778218,noOne000Br,1564932920,evyn2c9,clrvbw
2778219,qwertylool,1564932935,evyn33l,clrvbw
2778220,noOne000Br,1564932946,evyn3pz,clrvbw
2778221,qwertylool,1564932951,evyn3zj,clrvbw
2778222,noOne000Br,1564932964,evyn4n2,clrvbw
2778223,qwertylool,1564932971,evyn528,clrvbw
2778224,noOne000Br,1564932980,evyn5ix,clrvbw
2778225,qwertylool,1564932984,evyn5qn,clrvbw
2778226,noOne000Br,1564932994,evyn69h,clrvbw
2778227,qwertylool,1564933001,evyn6nd,clrvbw
2778228,noOne000Br,1564933010,evyn74r,clrvbw
2778229,qwertylool,1564933014,evyn7cl,clrvbw
2778230,noOne000Br,1564933026,evyn817,clrvbw
2778231,qwertylool,1564933032,evyn8cn,clrvbw
2778232,noOne000Br,1564933042,evyn8ug,clrvbw
2778233,qwertylool,1564933047,evyn93m,clrvbw
2778234,noOne000Br,1564933071,evynagu,clrvbw
2778235,qwertylool,1564933075,evynaqb,clrvbw
2778236,noOne000Br,1564933086,evynbai,clrvbw
2778237,qwertylool,1564933093,evynbmc,clrvbw
2778238,noOne000Br,1564933105,evyncag,clrvbw
2778239,qwertylool,1564933116,evyncw4,clrvbw
2778240,noOne000Br,1564933126,evyndgf,clrvbw
2778241,qwertylool,1564933130,evyndou,clrvbw
2778242,noOne000Br,1564933234,evynj85,clrvbw
2778243,qwertylool,1564933238,evynjg4,clrvbw
2778244,[deleted],1564933288,evynm21,clrvbw
2778245,qwertylool,1564933293,evynmdi,clrvbw
2778246,Antichess,1564934157,evyovna,clrvbw
2778247,qwertylool,1564934170,evyowdk,clrvbw
2778248,[deleted],1564934370,evyp6rd,clrvbw
2778249,qwertylool,1564934397,evyp84u,clrvbw
2778250,mistyskye14,1564934468,evypbso,clrvbw
2778251,qwertylool,1564934476,evypc6l,clrvbw
2778252,padiwik,1564934505,evypdqr,clrvbw
2778253,qwertylool,1564934510,evypdzc,clrvbw
2778254,padiwik,1564934520,evypeil,clrvbw
2778255,qwertylool,1564934528,evypewk,clrvbw
2778256,padiwik,1564934579,evyphko,clrvbw
2778257,qwertylool,1564934585,evyphvk,clrvbw
2778258,[deleted],1564934647,evypl0g,clrvbw
2778259,qwertylool,1564934655,evyplef,clrvbw
2778260,padiwik,1564934751,evypq80,clrvbw
2778261,qwertylool,1564934760,evypqns,clrvbw
2778262,mistyskye14,1564934854,evypvb0,clrvbw
2778263,qwertylool,1564934863,evypvtb,clrvbw
2778264,[deleted],1564934949,evyq08t,clrvbw
2778265,qwertylool,1564934957,evyq0ll,clrvbw
2778266,mistyskye14,1564935055,evyq5ko,clrvbw
2778267,qwertylool,1564935061,evyq5wj,clrvbw
2778268,mistyskye14,1564935137,evyq9pk,clrvbw
2778269,[deleted],1564935419,evyqo20,clrvbw
2778270,mistyskye14,1564935502,evyqsbd,clrvbw
2778271,[deleted],1564935514,evyqswi,clrvbw
2778272,mistyskye14,1564935616,evyqy3p,clrvbw
2778273,TehVulpez,1564935661,evyr0fg,clrvbw
2778274,mistyskye14,1564935690,evyr1z8,clrvbw
2778275,padiwik,1564935794,evyr791,clrvbw
2778276,mistyskye14,1564935820,evyr8jl,clrvbw
2778277,[deleted],1564935982,evyrgk0,clrvbw
2778278,mistyskye14,1564936018,evyrifh,clrvbw
2778279,padiwik,1564936048,evyrjx7,clrvbw
2778280,mistyskye14,1564936098,evyrmgl,clrvbw
2778281,[deleted],1564936118,evyrnh4,clrvbw
2778282,TehVulpez,1564936144,evyrov3,clrvbw
2778283,[deleted],1564936154,evyrpcx,clrvbw
2778284,TehVulpez,1564936168,evyrq39,clrvbw
2778285,[deleted],1564936169,evyrq5i,clrvbw
2778286,TehVulpez,1564936224,evyrsym,clrvbw
2778287,[deleted],1564936250,evyrudi,clrvbw
2778288,TehVulpez,1564936282,evyrvy9,clrvbw
2778289,[deleted],1564936307,evyrx7a,clrvbw
2778290,padiwik,1564936330,evyryfb,clrvbw
2778291,[deleted],1564936345,evyrz7s,clrvbw
2778292,padiwik,1564936379,evys0yi,clrvbw
2778293,[deleted],1564936394,evys1pw,clrvbw
2778294,padiwik,1564936474,evys5tu,clrvbw
2778295,[deleted],1564936497,evys6z8,clrvbw
2778296,mistyskye14,1564936676,evysg0q,clrvbw
2778297,[deleted],1564936697,evysh2g,clrvbw
2778298,mistyskye14,1564936725,evysik6,clrvbw
2778299,-R3DF0X,1564936942,evysts0,clrvbw
2778300,mistyskye14,1564936962,evysuq8,clrvbw
2778301,qwertylool,1564937095,evyt1cc,clrvbw
2778302,mistyskye14,1564937132,evyt38j,clrvbw
2778303,qwertylool,1564937140,evyt3m5,clrvbw
2778304,mistyskye14,1564937195,evyt6jq,clrvbw
2778305,qwertylool,1564937203,evyt6xp,clrvbw
2778306,mistyskye14,1564937273,evytah4,clrvbw
2778307,qwertylool,1564937281,evytaup,clrvbw
2778308,mistyskye14,1564937298,evytbp4,clrvbw
2778309,qwertylool,1564937308,evytc88,clrvbw
2778310,mistyskye14,1564937362,evytetm,clrvbw
2778311,qwertylool,1564937366,evytf1v,clrvbw
2778312,mistyskye14,1564937380,evytfqp,clrvbw
2778313,[deleted],1564937446,evytj0g,clrvbw
2778314,qwertylool,1564937476,evytkl9,clrvbw
2778315,[deleted],1564937478,evytko2,clrvbw
2778316,qwertylool,1564937484,evytkxw,clrvbw
2778317,[deleted],1564937486,evytl1g,clrvbw
2778318,qwertylool,1564937495,evytli8,clrvbw
2778319,[deleted],1564937495,evytljs,clrvbw
2778320,qwertylool,1564937499,evytlrb,clrvbw
2778321,[deleted],1564937503,evytly8,clrvbw
2778322,qwertylool,1564937508,evytm8a,clrvbw
2778323,[deleted],1564937510,evytmbi,clrvbw
2778324,qwertylool,1564937513,evytmhg,clrvbw
2778325,[deleted],1564937516,evytmn8,clrvbw
2778326,qwertylool,1564937520,evytmv0,clrvbw
2778327,[deleted],1564937522,evytmyz,clrvbw
2778328,qwertylool,1564937529,evytncb,clrvbw
2778329,[deleted],1564937531,evytng0,clrvbw
2778330,qwertylool,1564937534,evytnkm,clrvbw
2778331,[deleted],1564937535,evytnnk,clrvbw
2778332,qwertylool,1564937541,evytnxg,clrvbw
2778333,[deleted],1564937542,evyto0b,clrvbw
2778334,qwertylool,1564937545,evyto5p,clrvbw
2778335,[deleted],1564937547,evyto7k,clrvbw
2778336,qwertylool,1564937553,evytoio,clrvbw
2778337,[deleted],1564937554,evytol4,clrvbw
2778338,qwertylool,1564937558,evytot2,clrvbw
2778339,[deleted],1564937562,evytp1n,clrvbw
2778340,qwertylool,1564937567,evytpb9,clrvbw
2778341,[deleted],1564937569,evytpe0,clrvbw
2778342,qwertylool,1564937572,evytpkn,clrvbw
2778343,[deleted],1564937574,evytpno,clrvbw
2778344,qwertylool,1564937578,evytpv1,clrvbw
2778345,[deleted],1564937579,evytpw9,clrvbw
2778346,qwertylool,1564937582,evytq1c,clrvbw
2778347,[deleted],1564937585,evytq7m,clrvbw
2778348,qwertylool,1564937594,evytqok,clrvbw
2778349,[deleted],1564937596,evytqs6,clrvbw
2778350,qwertylool,1564937599,evytqxl,clrvbw
2778351,[deleted],1564937600,evytr06,clrvbw
2778352,qwertylool,1564937603,evytr5b,clrvbw
2778353,[deleted],1564937604,evytr85,clrvbw
2778354,qwertylool,1564937607,evytrbk,clrvbw
2778355,[deleted],1564937608,evytrdp,clrvbw
2778356,qwertylool,1564937610,evytrhx,clrvbw
2778357,[deleted],1564937612,evytrlb,clrvbw
2778358,qwertylool,1564937615,evytrqr,clrvbw
2778359,[deleted],1564937616,evytrsm,clrvbw
2778360,qwertylool,1564937618,evytrxl,clrvbw
2778361,[deleted],1564937625,evyts9n,clrvbw
2778362,qwertylool,1564937628,evytsgf,clrvbw
2778363,[deleted],1564937631,evytskv,clrvbw
2778364,qwertylool,1564937633,evytspw,clrvbw
2778365,[deleted],1564937635,evytsta,clrvbw
2778366,qwertylool,1564937638,evytsyc,clrvbw
2778367,[deleted],1564937639,evytt1f,clrvbw
2778368,qwertylool,1564937642,evytt6t,clrvbw
2778369,[deleted],1564937644,evyttah,clrvbw
2778370,qwertylool,1564937647,evyttfn,clrvbw
2778371,[deleted],1564937648,evytti4,clrvbw
2778372,qwertylool,1564937652,evyttqo,clrvbw
2778373,[deleted],1564937655,evyttwu,clrvbw
2778374,qwertylool,1564937659,evytu4a,clrvbw
2778375,[deleted],1564937662,evytuav,clrvbw
2778376,qwertylool,1564937666,evytugx,clrvbw
2778377,[deleted],1564937667,evytum2,clrvbw
2778378,qwertylool,1564937672,evytusi,clrvbw
2778379,[deleted],1564937673,evytuv1,clrvbw
2778380,qwertylool,1564937675,evytuzs,clrvbw
2778381,[deleted],1564937677,evytv2z,clrvbw
2778382,qwertylool,1564937680,evytv8j,clrvbw
2778383,[deleted],1564937681,evytv9w,clrvbw
2778384,qwertylool,1564937684,evytvfb,clrvbw
2778385,[deleted],1564937685,evytvhb,clrvbw
2778386,qwertylool,1564937688,evytvm0,clrvbw
2778387,[deleted],1564937692,evytvtv,clrvbw
2778388,qwertylool,1564937696,evytw24,clrvbw
2778389,[deleted],1564937698,evytw44,clrvbw
2778390,qwertylool,1564937701,evytw9t,clrvbw
2778391,[deleted],1564937704,evytwg4,clrvbw
2778392,qwertylool,1564937709,evytwou,clrvbw
2778393,[deleted],1564937710,evytwqd,clrvbw
2778394,qwertylool,1564937712,evytwun,clrvbw
2778395,[deleted],1564937715,evytwzw,clrvbw
2778396,qwertylool,1564937718,evytx5t,clrvbw
2778397,[deleted],1564937720,evytx8q,clrvbw
2778398,qwertylool,1564937723,evytxe3,clrvbw
2778399,[deleted],1564937724,evytxgb,clrvbw
2778400,qwertylool,1564937732,evytxvn,clrvbw
2778401,[deleted],1564937734,evytxyj,clrvbw
2778402,qwertylool,1564937736,evyty2w,clrvbw
2778403,[deleted],1564937738,evyty5w,clrvbw
2778404,qwertylool,1564937745,evytyjt,clrvbw
2778405,[deleted],1564937748,evytynx,clrvbw
2778406,qwertylool,1564937751,evytyuj,clrvbw
2778407,[deleted],1564937753,evytyxs,clrvbw
2778408,qwertylool,1564937756,evytz3n,clrvbw
2778409,[deleted],1564937757,evytz5g,clrvbw
2778410,qwertylool,1564937763,evytzgx,clrvbw
2778411,[deleted],1564937765,evytzk9,clrvbw
2778412,qwertylool,1564937770,evytzsy,clrvbw
2778413,[deleted],1564937772,evytzvj,clrvbw
2778414,qwertylool,1564937779,evyu09e,clrvbw
2778415,[deleted],1564937780,evyu0bx,clrvbw
2778416,qwertylool,1564937784,evyu0ir,clrvbw
2778417,[deleted],1564937786,evyu0m2,clrvbw
2778418,qwertylool,1564937790,evyu0ui,clrvbw
2778419,[deleted],1564937791,evyu0vz,clrvbw
2778420,qwertylool,1564937799,evyu1bc,clrvbw
2778421,[deleted],1564937802,evyu1i1,clrvbw
2778422,qwertylool,1564937805,evyu1or,clrvbw
2778423,[deleted],1564937807,evyu1r2,clrvbw
2778424,qwertylool,1564937825,evyu2o0,clrvbw
2778425,[deleted],1564937826,evyu2ra,clrvbw
2778426,qwertylool,1564937830,evyu2xw,clrvbw
2778427,[deleted],1564937832,evyu32s,clrvbw
2778428,qwertylool,1564937837,evyu3bf,clrvbw
2778429,[deleted],1564937838,evyu3do,clrvbw
2778430,qwertylool,1564937841,evyu3iw,clrvbw
2778431,[deleted],1564937843,evyu3lj,clrvbw
2778432,qwertylool,1564937847,evyu3tx,clrvbw
2778433,[deleted],1564937849,evyu3w9,clrvbw
2778434,qwertylool,1564937852,evyu419,clrvbw
2778435,[deleted],1564937855,evyu48c,clrvbw
2778436,qwertylool,1564937858,evyu4em,clrvbw
2778437,[deleted],1564937862,evyu4k8,clrvbw
2778438,qwertylool,1564937869,evyu4xj,clrvbw
2778439,[deleted],1564937870,evyu4zt,clrvbw
2778440,qwertylool,1564937873,evyu569,clrvbw
2778441,[deleted],1564937874,evyu58k,clrvbw
2778442,qwertylool,1564937877,evyu5ds,clrvbw
2778443,[deleted],1564937879,evyu5g1,clrvbw
2778444,qwertylool,1564937882,evyu5mj,clrvbw
2778445,[deleted],1564937884,evyu5ou,clrvbw
2778446,qwertylool,1564937886,evyu5t3,clrvbw
2778447,[deleted],1564937888,evyu5w3,clrvbw
2778448,qwertylool,1564937890,evyu60o,clrvbw
2778449,[deleted],1564937891,evyu635,clrvbw
2778450,qwertylool,1564937893,evyu66w,clrvbw
2778451,[deleted],1564937894,evyu68t,clrvbw
2778452,qwertylool,1564937898,evyu6ge,clrvbw
2778453,[deleted],1564937903,evyu6oa,clrvbw
2778454,qwertylool,1564937908,evyu6wz,clrvbw
2778455,[deleted],1564937909,evyu6zt,clrvbw
2778456,qwertylool,1564937913,evyu76i,clrvbw
2778457,[deleted],1564937914,evyu78t,clrvbw
2778458,qwertylool,1564937918,evyu7es,clrvbw
2778459,[deleted],1564937919,evyu7hf,clrvbw
2778460,qwertylool,1564937922,evyu7n1,clrvbw
2778461,[deleted],1564937924,evyu7qm,clrvbw
2778462,qwertylool,1564937927,evyu7x7,clrvbw
2778463,[deleted],1564937928,evyu7yu,clrvbw
2778464,qwertylool,1564937931,evyu82t,clrvbw
2778465,[deleted],1564937932,evyu84i,clrvbw
2778466,qwertylool,1564937938,evyu8fp,clrvbw
2778467,[deleted],1564937943,evyu8q3,clrvbw
2778468,qwertylool,1564937946,evyu8va,clrvbw
2778469,[deleted],1564937947,evyu8y4,clrvbw
2778470,qwertylool,1564937951,evyu94l,clrvbw
2778471,[deleted],1564937953,evyu97c,clrvbw
2778472,qwertylool,1564937955,evyu9cn,clrvbw
2778473,[deleted],1564937957,evyu9ff,clrvbw
2778474,qwertylool,1564937962,evyu9oo,clrvbw
2778475,[deleted],1564937963,evyu9q7,clrvbw
2778476,qwertylool,1564937966,evyu9vm,clrvbw
2778477,[deleted],1564937967,evyu9x0,clrvbw
2778478,qwertylool,1564937971,evyua5f,clrvbw
2778479,[deleted],1564937974,evyuaaf,clrvbw
2778480,qwertylool,1564937977,evyuahe,clrvbw
2778481,[deleted],1564937979,evyuake,clrvbw
2778482,qwertylool,1564937981,evyuap1,clrvbw
2778483,[deleted],1564937983,evyuas5,clrvbw
2778484,qwertylool,1564937986,evyuax3,clrvbw
2778485,[deleted],1564937987,evyuazd,clrvbw
2778486,qwertylool,1564937990,evyub3u,clrvbw
2778487,[deleted],1564937992,evyub83,clrvbw
2778488,qwertylool,1564937998,evyubhc,clrvbw
2778489,[deleted],1564937999,evyubjk,clrvbw
2778490,qwertylool,1564938001,evyubo0,clrvbw
2778491,[deleted],1564938009,evyuc3b,clrvbw
2778492,qwertylool,1564938017,evyuchh,clrvbw
2778493,[deleted],1564938019,evyuck4,clrvbw
2778494,qwertylool,1564938021,evyucol,clrvbw
2778495,[deleted],1564938023,evyucs9,clrvbw
2778496,qwertylool,1564938026,evyucxg,clrvbw
2778497,[deleted],1564938028,evyud16,clrvbw
2778498,qwertylool,1564938030,evyud5h,clrvbw
2778499,[deleted],1564938032,evyud83,clrvbw
2778500,qwertylool,1564938036,evyudfw,clrvbw
2778501,[deleted],1564938039,evyudli,clrvbw
2778502,qwertylool,1564938044,evyudty,clrvbw
2778503,[deleted],1564938047,evyudyz,clrvbw
2778504,qwertylool,1564938050,evyue4r,clrvbw
2778505,[deleted],1564938051,evyue7p,clrvbw
2778506,qwertylool,1564938055,evyuedi,clrvbw
2778507,[deleted],1564938056,evyuefy,clrvbw
2778508,qwertylool,1564938059,evyuekh,clrvbw
2778509,[deleted],1564938060,evyuemk,clrvbw
2778510,qwertylool,1564938063,evyuerh,clrvbw
2778511,[deleted],1564938064,evyuetk,clrvbw
2778512,qwertylool,1564938070,evyuf5l,clrvbw
2778513,[deleted],1564938072,evyuf86,clrvbw
2778514,qwertylool,1564938076,evyufgj,clrvbw
2778515,[deleted],1564938079,evyufm4,clrvbw
2778516,qwertylool,1564938085,evyufwl,clrvbw
2778517,[deleted],1564938086,evyufyf,clrvbw
2778518,qwertylool,1564938088,evyug2b,clrvbw
2778519,[deleted],1564938089,evyug42,clrvbw
2778520,qwertylool,1564938092,evyug9s,clrvbw
2778521,[deleted],1564938093,evyugbz,clrvbw
2778522,qwertylool,1564938097,evyugii,clrvbw
2778523,[deleted],1564938098,evyugl3,clrvbw
2778524,qwertylool,1564938100,evyugpb,clrvbw
2778525,[deleted],1564938102,evyugrt,clrvbw
2778526,qwertylool,1564938105,evyugxt,clrvbw
2778527,[deleted],1564938107,evyuh0u,clrvbw
2778528,qwertylool,1564938111,evyuh8c,clrvbw
2778529,[deleted],1564938118,evyuhlo,clrvbw
2778530,qwertylool,1564938122,evyuhu1,clrvbw
2778531,[deleted],1564938124,evyuhx2,clrvbw
2778532,qwertylool,1564938127,evyui3g,clrvbw
2778533,[deleted],1564938128,evyui68,clrvbw
2778534,qwertylool,1564938131,evyuibb,clrvbw
2778535,[deleted],1564938133,evyuiea,clrvbw
2778536,qwertylool,1564938137,evyuil2,clrvbw
2778537,[deleted],1564938137,evyuin0,clrvbw
2778538,qwertylool,1564938140,evyuirz,clrvbw
2778539,[deleted],1564938141,evyuiua,clrvbw
2778540,qwertylool,1564938145,evyuj1m,clrvbw
2778541,[deleted],1564938147,evyuj4k,clrvbw
2778542,qwertylool,1564938150,evyujbj,clrvbw
2778543,[deleted],1564938153,evyujgw,clrvbw
2778544,qwertylool,1564938158,evyujoe,clrvbw
2778545,[deleted],1564938159,evyujq9,clrvbw
2778546,qwertylool,1564938163,evyujxz,clrvbw
2778547,[deleted],1564938164,evyuk0n,clrvbw
2778548,qwertylool,1564938168,evyuk82,clrvbw
2778549,[deleted],1564938169,evyukbg,clrvbw
2778550,qwertylool,1564938175,evyuklr,clrvbw
2778551,[deleted],1564938182,evyukzp,clrvbw
2778552,qwertylool,1564938185,evyul4a,clrvbw
2778553,[deleted],1564938188,evyul9g,clrvbw
2778554,qwertylool,1564938191,evyulfk,clrvbw
2778555,[deleted],1564938192,evyuliz,clrvbw
2778556,qwertylool,1564938196,evyulpl,clrvbw
2778557,[deleted],1564938197,evyuls4,clrvbw
27785582,qwertylool,1564938201,evyulzc,clrvbw
2778559,[deleted],1564938207,evyumac,clrvbw
2778560,mistyskye14,1564938280,evyupzo,clrvbw
2778561,[deleted],1564938316,evyurrv,clrvbw
2778562,mistyskye14,1564938337,evyusvw,clrvbw
2778563,[deleted],1564938341,evyut36,clrvbw
2778564,qwertylool,1564938361,evyuu2h,clrvbw
2778565,[deleted],1564938363,evyuu6n,clrvbw
2778566,qwertylool,1564938373,evyuupz,clrvbw
2778567,[deleted],1564938374,evyuusj,clrvbw
2778568,qwertylool,1564938378,evyuv01,clrvbw
2778569,[deleted],1564938380,evyuv2l,clrvbw
2778570,qwertylool,1564938388,evyuvhc,clrvbw
2778571,[deleted],1564938392,evyuvq9,clrvbw
2778572,qwertylool,1564938400,evyuw3x,clrvbw
2778573,[deleted],1564938402,evyuw6k,clrvbw
2778574,qwertylool,1564938408,evyuwi6,clrvbw
2778575,[deleted],1564938410,evyuwl0,clrvbw
2778576,qwertylool,1564938416,evyuwwf,clrvbw
2778577,[deleted],1564938417,evyuwya,clrvbw
2778578,qwertylool,1564938423,evyux7j,clrvbw
2778579,[deleted],1564938428,evyuxim,clrvbw
2778580,qwertylool,1564938437,evyuxxr,clrvbw
2778581,[deleted],1564938438,evyuy0l,clrvbw
2778582,qwertylool,1564938441,evyuy6q,clrvbw
2778583,[deleted],1564938442,evyuy8c,clrvbw
2778584,qwertylool,1564938451,evyuymr,clrvbw
2778585,[deleted],1564938452,evyuyo8,clrvbw
2778586,qwertylool,1564938455,evyuyt7,clrvbw
2778587,[deleted],1564938456,evyuyvc,clrvbw
2778588,qwertylool,1564938463,evyuz88,clrvbw
2778589,[deleted],1564938469,evyuzjt,clrvbw
2778590,qwertylool,1564938476,evyuzv1,clrvbw
2778591,[deleted],1564938476,evyuzw7,clrvbw
2778592,qwertylool,1564938479,evyv010,clrvbw
2778593,[deleted],1564938480,evyv03f,clrvbw
2778594,qwertylool,1564938484,evyv0ag,clrvbw
2778595,[deleted],1564938487,evyv0fa,clrvbw
2778596,qwertylool,1564938490,evyv0l5,clrvbw
2778597,[deleted],1564938492,evyv0p9,clrvbw
2778598,qwertylool,1564938497,evyv10q,clrvbw
2778599,[deleted],1564938499,evyv144,clrvbw
2778600,qwertylool,1564938505,evyv1fi,clrvbw
2778601,[deleted],1564938506,evyv1hd,clrvbw
2778602,qwertylool,1564938511,evyv1p4,clrvbw
2778603,[deleted],1564938512,evyv1r8,clrvbw
2778604,qwertylool,1564938514,evyv1vy,clrvbw
2778605,[deleted],1564938516,evyv1yd,clrvbw
2778606,qwertylool,1564938520,evyv261,clrvbw
2778607,[deleted],1564938522,evyv29e,clrvbw
2778608,qwertylool,1564938526,evyv2fy,clrvbw
2778609,[deleted],1564938530,evyv2mx,clrvbw
2778610,qwertylool,1564938534,evyv2ts,clrvbw
2778611,[deleted],1564938536,evyv2xw,clrvbw
2778612,qwertylool,1564938541,evyv37i,clrvbw
2778613,[deleted],1564938543,evyv39m,clrvbw
2778614,qwertylool,1564938547,evyv3h5,clrvbw
2778615,[deleted],1564938549,evyv3kk,clrvbw
2778616,qwertylool,1564938552,evyv3qb,clrvbw
2778617,[deleted],1564938558,evyv42m,clrvbw
2778618,qwertylool,1564938564,evyv4c1,clrvbw
2778619,[deleted],1564938567,evyv4iv,clrvbw
2778620,qwertylool,1564938573,evyv4tk,clrvbw
2778621,[deleted],1564938574,evyv4vw,clrvbw
2778622,qwertylool,1564938577,evyv51s,clrvbw
2778623,[deleted],1564938578,evyv535,clrvbw
2778624,qwertylool,1564938582,evyv5az,clrvbw
2778625,[deleted],1564938583,evyv5dh,clrvbw
2778626,qwertylool,1564938587,evyv5ja,clrvbw
2778627,[deleted],1564938588,evyv5mb,clrvbw
2778628,qwertylool,1564938593,evyv5v9,clrvbw
2778629,[deleted],1564938594,evyv5y5,clrvbw
2778630,qwertylool,1564938602,evyv6bl,clrvbw
2778631,[deleted],1564938603,evyv6ed,clrvbw
2778632,qwertylool,1564938608,evyv6m8,clrvbw
2778633,[deleted],1564938609,evyv6ob,clrvbw
2778634,qwertylool,1564938613,evyv6vm,clrvbw
2778635,[deleted],1564938614,evyv6xn,clrvbw
2778636,qwertylool,1564938619,evyv77g,clrvbw
2778637,[deleted],1564938620,evyv7a7,clrvbw
2778638,qwertylool,1564938623,evyv7f8,clrvbw
2778639,[deleted],1564938624,evyv7hh,clrvbw
2778640,qwertylool,1564938627,evyv7mh,clrvbw
2778641,[deleted],1564938628,evyv7ob,clrvbw
2778642,qwertylool,1564938632,evyv7x4,clrvbw
2778643,[deleted],1564938637,evyv85c,clrvbw
2778644,qwertylool,1564938643,evyv8h0,clrvbw
2778645,[deleted],1564938645,evyv8j2,clrvbw
2778646,qwertylool,1564938648,evyv8p9,clrvbw
2778647,[deleted],1564938650,evyv8s4,clrvbw
2778648,qwertylool,1564938652,evyv8x1,clrvbw
2778649,[deleted],1564938654,evyv90y,clrvbw
2778650,qwertylool,1564938660,evyv9cc,clrvbw
2778651,[deleted],1564938662,evyv9f9,clrvbw
2778652,qwertylool,1564938665,evyv9le,clrvbw
2778653,[deleted],1564938668,evyv9q4,clrvbw
2778654,qwertylool,1564938672,evyv9w7,clrvbw
2778655,[deleted],1564938675,evyva1t,clrvbw
2778656,qwertylool,1564938678,evyva8s,clrvbw
2778657,[deleted],1564938680,evyvabu,clrvbw
2778658,qwertylool,1564938685,evyval0,clrvbw
2778659,[deleted],1564938687,evyvanp,clrvbw
2778660,qwertylool,1564938690,evyvatn,clrvbw
2778661,[deleted],1564938691,evyvavx,clrvbw
2778662,qwertylool,1564938695,evyvb31,clrvbw
2778663,[deleted],1564938697,evyvb5y,clrvbw
2778664,qwertylool,1564938700,evyvbc1,clrvbw
2778665,[deleted],1564938702,evyvbf8,clrvbw
2778666,qwertylool,1564938707,evyvbof,clrvbw
2778667,[deleted],1564938708,evyvbpz,clrvbw
2778668,qwertylool,1564938714,evyvc0o,clrvbw
2778669,[deleted],1564938716,evyvc4m,clrvbw
2778670,qwertylool,1564938722,evyvcep,clrvbw
2778671,[deleted],1564938724,evyvchb,clrvbw
2778672,qwertylool,1564938727,evyvcn5,clrvbw
2778673,[deleted],1564938729,evyvcq1,clrvbw
2778674,qwertylool,1564938733,evyvcy3,clrvbw
2778675,[deleted],1564938734,evyvd0d,clrvbw
2778676,qwertylool,1564938737,evyvd5c,clrvbw
2778677,[deleted],1564938746,evyvdkf,clrvbw
2778678,qwertylool,1564938749,evyvdpt,clrvbw
2778679,[deleted],1564938753,evyvdxl,clrvbw
2778680,qwertylool,1564938757,evyve48,clrvbw
2778681,[deleted],1564938759,evyve75,clrvbw
2778682,qwertylool,1564938763,evyvedg,clrvbw
2778683,[deleted],1564938764,evyveg2,clrvbw
2778684,qwertylool,1564938767,evyvemy,clrvbw
2778685,[deleted],1564938786,evyvfig,clrvbw
2778686,qwertylool,1564938790,evyvfqh,clrvbw
2778687,[deleted],1564938791,evyvfsy,clrvbw
2778688,qwertylool,1564938796,evyvg13,clrvbw
2778689,[deleted],1564938797,evyvg30,clrvbw
2778690,qwertylool,1564938801,evyvgai,clrvbw
2778691,[deleted],1564938802,evyvgd8,clrvbw
2778692,qwertylool,1564938808,evyvgo2,clrvbw
2778693,[deleted],1564938810,evyvgtf,clrvbw
2778694,qwertylool,1564938815,evyvh2m,clrvbw
2778695,[deleted],1564938819,evyvha2,clrvbw
2778696,qwertylool,1564938825,evyvhm2,clrvbw
2778697,[deleted],1564938827,evyvhp0,clrvbw
2778698,qwertylool,1564938832,evyvhxu,clrvbw
2778699,[deleted],1564938835,evyvi4y,clrvbw
2778700,qwertylool,1564938840,evyvidp,clrvbw
2778701,[deleted],1564938846,evyvip4,clrvbw
2778702,qwertylool,1564938853,evyvj1z,clrvbw
2778703,[deleted],1564938854,evyvj3y,clrvbw
2778704,qwertylool,1564938858,evyvjab,clrvbw
2778705,[deleted],1564938860,evyvjda,clrvbw
2778706,qwertylool,1564938865,evyvjmw,clrvbw
2778707,[deleted],1564938866,evyvjq0,clrvbw
2778708,qwertylool,1564938873,evyvk0l,clrvbw
2778709,[deleted],1564938874,evyvk3n,clrvbw
2778710,qwertylool,1564938879,evyvkb7,clrvbw
2778711,[deleted],1564938881,evyvkg9,clrvbw
2778712,qwertylool,1564938891,evyvkyg,clrvbw
2778713,[deleted],1564938893,evyvl14,clrvbw
2778714,qwertylool,1564938896,evyvl6c,clrvbw
2778715,[deleted],1564938898,evyvl9i,clrvbw
2778716,qwertylool,1564938903,evyvljj,clrvbw
2778717,[deleted],1564938904,evyvlm9,clrvbw
2778718,qwertylool,1564938908,evyvls9,clrvbw
2778719,[deleted],1564938909,evyvluy,clrvbw
2778720,qwertylool,1564938912,evyvm0a,clrvbw
2778721,[deleted],1564938918,evyvmbj,clrvbw
2778722,qwertylool,1564938929,evyvmva,clrvbw
2778723,[deleted],1564938930,evyvmww,clrvbw
2778724,qwertylool,1564938934,evyvn3u,clrvbw
2778725,[deleted],1564938935,evyvn6g,clrvbw
2778726,qwertylool,1564938939,evyvndo,clrvbw
2778727,[deleted],1564938940,evyvnfy,clrvbw
2778728,qwertylool,1564938943,evyvnm9,clrvbw
2778729,[deleted],1564938945,evyvno1,clrvbw
2778730,qwertylool,1564938948,evyvnty,clrvbw
2778731,[deleted],1564938957,evyvobu,clrvbw
2778732,qwertylool,1564938963,evyvon8,clrvbw
2778733,[deleted],1564938965,evyvope,clrvbw
2778734,qwertylool,1564938968,evyvowz,clrvbw
2778735,[deleted],1564938969,evyvoyj,clrvbw
2778736,qwertylool,1564938974,evyvp6o,clrvbw
2778737,[deleted],1564938976,evyvp9y,clrvbw
2778738,qwertylool,1564938979,evyvph3,clrvbw
2778739,[deleted],1564938981,evyvpjk,clrvbw
2778740,qwertylool,1564938987,evyvpuu,clrvbw
2778741,[deleted],1564938995,evyvq8j,clrvbw
2778742,qwertylool,1564939001,evyvqjd,clrvbw
2778743,[deleted],1564939002,evyvqmb,clrvbw
2778744,qwertylool,1564939007,evyvqv0,clrvbw
2778745,[deleted],1564939008,evyvqwg,clrvbw
2778746,qwertylool,1564939013,evyvr5d,clrvbw
2778747,[deleted],1564939014,evyvr6k,clrvbw
2778748,qwertylool,1564939019,evyvrf4,clrvbw
2778749,[deleted],1564939020,evyvrik,clrvbw
2778750,qwertylool,1564939026,evyvrtt,clrvbw
2778751,[deleted],1564939028,evyvrwg,clrvbw
2778752,qwertylool,1564939031,evyvs29,clrvbw
2778753,[deleted],1564939032,evyvs4e,clrvbw
2778754,qwertylool,1564939038,evyvsdy,clrvbw
2778755,[deleted],1564939039,evyvsgw,clrvbw
2778756,qwertylool,1564939043,evyvsne,clrvbw
2778757,[deleted],1564939046,evyvsu9,clrvbw
2778758,qwertylool,1564939052,evyvt58,clrvbw
2778759,[deleted],1564939055,evyvtan,clrvbw
2778760,qwertylool,1564939060,evyvtjp,clrvbw
2778761,[deleted],1564939062,evyvtoa,clrvbw
2778762,qwertylool,1564939067,evyvtxe,clrvbw
2778763,[deleted],1564939068,evyvu02,clrvbw
2778764,qwertylool,1564939074,evyvuac,clrvbw
2778765,[deleted],1564939076,evyvudh,clrvbw
2778766,qwertylool,1564939079,evyvuky,clrvbw
2778767,[deleted],1564939081,evyvunf,clrvbw
2778768,qwertylool,1564939085,evyvuv5,clrvbw
2778769,[deleted],1564939086,evyvuxi,clrvbw
2778770,qwertylool,1564939093,evyvva6,clrvbw
2778771,[deleted],1564939097,evyvvhx,clrvbw
2778772,qwertylool,1564939100,evyvvno,clrvbw
2778773,[deleted],1564939102,evyvvrd,clrvbw
2778774,qwertylool,1564939105,evyvvxg,clrvbw
2778775,[deleted],1564939106,evyvvzb,clrvbw
2778776,qwertylool,1564939111,evyvw7g,clrvbw
2778777,[deleted],1564939113,evyvwbi,clrvbw
2778778,qwertylool,1564939116,evyvwh5,clrvbw
2778779,[deleted],1564939117,evyvwjd,clrvbw
2778780,qwertylool,1564939121,evyvwqt,clrvbw
2778781,[deleted],1564939125,evyvwwr,clrvbw
2778782,qwertylool,1564939130,evyvx6j,clrvbw
2778783,[deleted],1564939134,evyvxdc,clrvbw
2778784,qwertylool,1564939137,evyvxiz,clrvbw
2778785,[deleted],1564939138,evyvxlh,clrvbw
2778786,qwertylool,1564939142,evyvxt9,clrvbw
2778787,[deleted],1564939144,evyvxw4,clrvbw
2778788,qwertylool,1564939148,evyvy38,clrvbw
2778789,[deleted],1564939149,evyvy5c,clrvbw
2778790,qwertylool,1564939153,evyvycy,clrvbw
2778791,[deleted],1564939155,evyvygc,clrvbw
2778792,qwertylool,1564939159,evyvynn,clrvbw
2778793,[deleted],1564939163,evyvyv8,clrvbw
2778794,qwertylool,1564939168,evyvz3x,clrvbw
2778795,[deleted],1564939169,evyvz7h,clrvbw
2778796,qwertylool,1564939175,evyvzjb,clrvbw
2778797,[deleted],1564939176,evyvzkz,clrvbw
2778798,qwertylool,1564939179,evyvzqd,clrvbw
2778799,[deleted],1564939181,evyvzta,clrvbw
2778800,qwertylool,1564939185,evyw02c,clrvbw
2778801,[deleted],1564939187,evyw05c,clrvbw
2778802,qwertylool,1564939191,evyw0e6,clrvbw
2778803,[deleted],1564939198,evyw0py,clrvbw
2778804,qwertylool,1564939202,evyw0ym,clrvbw
2778805,[deleted],1564939204,evyw11f,clrvbw
2778806,qwertylool,1564939208,evyw192,clrvbw
2778807,[deleted],1564939210,evyw1cm,clrvbw
2778808,qwertylool,1564939214,evyw1l9,clrvbw
2778809,[deleted],1564939215,evyw1no,clrvbw
2778810,qwertylool,1564939219,evyw1v3,clrvbw
2778811,[deleted],1564939221,evyw1ya,clrvbw
2778812,qwertylool,1564939224,evyw24e,clrvbw
2778813,[deleted],1564939225,evyw25w,clrvbw
2778814,qwertylool,1564939229,evyw2bn,clrvbw
2778815,[deleted],1564939233,evyw2kk,clrvbw
2778816,qwertylool,1564939239,evyw2u5,clrvbw
2778817,[deleted],1564939241,evyw2y3,clrvbw
2778818,qwertylool,1564939246,evyw37m,clrvbw
2778819,[deleted],1564939247,evyw398,clrvbw
2778820,qwertylool,1564939252,evyw3kr,clrvbw
2778821,[deleted],1564939253,evyw3m4,clrvbw
2778822,qwertylool,1564939257,evyw3s8,clrvbw
2778823,[deleted],1564939258,evyw3v1,clrvbw
2778824,qwertylool,1564939262,evyw43c,clrvbw
2778825,[deleted],1564939272,evyw4nh,clrvbw
2778826,qwertylool,1564939277,evyw4we,clrvbw
2778827,[deleted],1564939278,evyw4z8,clrvbw
2778828,qwertylool,1564939282,evyw55k,clrvbw
2778829,[deleted],1564939283,evyw57p,clrvbw
2778830,qwertylool,1564939288,evyw5gk,clrvbw
2778831,[deleted],1564939289,evyw5hs,clrvbw
2778832,qwertylool,1564939295,evyw5t6,clrvbw
2778833,[deleted],1564939296,evyw5ve,clrvbw
2778834,qwertylool,1564939302,evyw64p,clrvbw
2778835,[deleted],1564939305,evyw6a2,clrvbw
2778836,qwertylool,1564939308,evyw6fs,clrvbw
2778837,[deleted],1564939310,evyw6jr,clrvbw
2778838,qwertylool,1564939315,evyw6se,clrvbw
2778839,[deleted],1564939316,evyw6vm,clrvbw
2778840,qwertylool,1564939319,evyw70e,clrvbw
2778841,[deleted],1564939320,evyw72x,clrvbw
2778842,qwertylool,1564939323,evyw78j,clrvbw
2778843,[deleted],1564939324,evyw7ad,clrvbw
2778844,qwertylool,1564939328,evyw7he,clrvbw
2778845,[deleted],1564939329,evyw7j8,clrvbw
2778846,qwertylool,1564939334,evyw7rk,clrvbw
2778847,[deleted],1564939339,evyw81d,clrvbw
2778848,qwertylool,1564939345,evyw8dm,clrvbw
2778849,[deleted],1564939346,evyw8fo,clrvbw
2778850,qwertylool,1564939350,evyw8ms,clrvbw
2778851,[deleted],1564939351,evyw8or,clrvbw
2778852,qwertylool,1564939355,evyw8v5,clrvbw
2778853,[deleted],1564939356,evyw8x5,clrvbw
2778854,qwertylool,1564939363,evyw9a4,clrvbw
2778855,[deleted],1564939364,evyw9bs,clrvbw
2778856,qwertylool,1564939369,evyw9lv,clrvbw
2778857,[deleted],1564939373,evyw9un,clrvbw
2778858,qwertylool,1564939379,evywa5l,clrvbw
2778859,[deleted],1564939383,evywabt,clrvbw
2778860,qwertylool,1564939388,evywalb,clrvbw
2778861,[deleted],1564939389,evywanj,clrvbw
2778862,qwertylool,1564939393,evywaux,clrvbw
2778863,[deleted],1564939394,evywaxo,clrvbw
2778864,qwertylool,1564939399,evywb69,clrvbw
2778865,[deleted],1564939400,evywb8d,clrvbw
2778866,qwertylool,1564939407,evywbkp,clrvbw
2778867,[deleted],1564939410,evywbqx,clrvbw
2778868,qwertylool,1564939414,evywbxs,clrvbw
2778869,[deleted],1564939418,evywc46,clrvbw
2778870,qwertylool,1564939423,evywcd1,clrvbw
2778871,[deleted],1564939424,evywcfd,clrvbw
2778872,qwertylool,1564939427,evywcjl,clrvbw
2778873,[deleted],1564939428,evywcli,clrvbw
2778874,qwertylool,1564939431,evywcse,clrvbw
2778875,[deleted],1564939433,evywcvn,clrvbw
2778876,qwertylool,1564939436,evywd14,clrvbw
2778877,[deleted],1564939440,evywd7u,clrvbw
2778878,qwertylool,1564939448,evywdlu,clrvbw
2778879,[deleted],1564939450,evywdph,clrvbw
2778880,qwertylool,1564939454,evywdvz,clrvbw
2778881,[deleted],1564939456,evywdz9,clrvbw
2778882,qwertylool,1564939459,evywe55,clrvbw
2778883,[deleted],1564939460,evywe7j,clrvbw
2778884,qwertylool,1564939463,evywec0,clrvbw
2778885,[deleted],1564939464,evywee0,clrvbw
2778886,qwertylool,1564939467,evywej9,clrvbw
2778887,[deleted],1564939468,evywemn,clrvbw
2778888,qwertylool,1564939472,evywets,clrvbw
2778889,[deleted],1564939480,evywf7k,clrvbw
2778890,qwertylool,1564939487,evywfif,clrvbw
2778891,[deleted],1564939488,evywflk,clrvbw
2778892,qwertylool,1564939492,evywfs3,clrvbw
2778893,[deleted],1564939495,evywfx0,clrvbw
2778894,qwertylool,1564939499,evywg3r,clrvbw
2778895,[deleted],1564939500,evywg63,clrvbw
2778896,qwertylool,1564939503,evywgd4,clrvbw
2778897,[deleted],1564939505,evywgfb,clrvbw
2778898,qwertylool,1564939508,evywgm1,clrvbw
2778899,[deleted],1564939510,evywgpu,clrvbw
2778900,qwertylool,1564939516,evywh1l,clrvbw
2778901,[deleted],1564939518,evywh4v,clrvbw
2778902,qwertylool,1564939523,evywhd3,clrvbw
2778903,[deleted],1564939524,evywhf6,clrvbw
2778904,qwertylool,1564939528,evywhlq,clrvbw
2778905,[deleted],1564939531,evywhsh,clrvbw
2778906,qwertylool,1564939537,evywi2j,clrvbw
2778907,[deleted],1564939538,evywi4v,clrvbw
2778908,qwertylool,1564939541,evywib1,clrvbw
2778909,[deleted],1564939548,evywinw,clrvbw
2778910,qwertylool,1564939555,evywj27,clrvbw
2778911,[deleted],1564939556,evywj4a,clrvbw
2778912,qwertylool,1564939560,evywjbq,clrvbw
2778913,[deleted],1564939561,evywjda,clrvbw
2778914,qwertylool,1564939564,evywjjv,clrvbw
2778915,[deleted],1564939566,evywjm7,clrvbw
2778916,qwertylool,1564939569,evywjtn,clrvbw
2778917,[deleted],1564939571,evywjx2,clrvbw
2778918,qwertylool,1564939574,evywk40,clrvbw
2778919,[deleted],1564939576,evywk7h,clrvbw
2778920,qwertylool,1564939581,evywki4,clrvbw
2778921,[deleted],1564939587,evywktf,clrvbw
2778922,qwertylool,1564939592,evywl1e,clrvbw
2778923,[deleted],1564939593,evywl3f,clrvbw
2778924,qwertylool,1564939596,evywl94,clrvbw
2778925,[deleted],1564939597,evywlax,clrvbw
2778926,qwertylool,1564939604,evywln9,clrvbw
2778927,[deleted],1564939605,evywlov,clrvbw
2778928,qwertylool,1564939608,evywltx,clrvbw
2778929,[deleted],1564939609,evywlw3,clrvbw
2778930,qwertylool,1564939611,evywm0p,clrvbw
2778931,[deleted],1564939619,evywme2,clrvbw
2778932,qwertylool,1564939625,evywmoy,clrvbw
2778933,[deleted],1564939626,evywmqw,clrvbw
2778934,qwertylool,1564939630,evywmz2,clrvbw
2778935,[deleted],1564939631,evywn1z,clrvbw
2778936,qwertylool,1564939634,evywn7c,clrvbw
2778937,[deleted],1564939635,evywn9a,clrvbw
2778938,qwertylool,1564939638,evywnf2,clrvbw
2778939,[deleted],1564939639,evywnh8,clrvbw
2778940,qwertylool,1564939643,evywnoa,clrvbw
2778941,[deleted],1564939645,evywnqr,clrvbw
2778942,qwertylool,1564939651,evywo1v,clrvbw
2778943,[deleted],1564939652,evywo49,clrvbw
2778944,qwertylool,1564939658,evywof4,clrvbw
2778945,[deleted],1564939659,evywohx,clrvbw
2778946,qwertylool,1564939662,evywon4,clrvbw
2778947,[deleted],1564939664,evywoqh,clrvbw
2778948,qwertylool,1564939669,evywozq,clrvbw
2778949,[deleted],1564939671,evywp3o,clrvbw
2778950,qwertylool,1564939674,evywpa2,clrvbw
2778951,[deleted],1564939676,evywpdc,clrvbw
2778952,qwertylool,1564939687,evywpx2,clrvbw
2778953,[deleted],1564939691,evywq4p,clrvbw
2778954,qwertylool,1564939696,evywqf8,clrvbw
2778955,[deleted],1564939697,evywqh4,clrvbw
2778956,qwertylool,1564939702,evywqp5,clrvbw
2778957,[deleted],1564939703,evywqrm,clrvbw
2778958,qwertylool,1564939706,evywqxj,clrvbw
2778959,[deleted],1564939708,evywr15,clrvbw
2778960,qwertylool,1564939713,evywrb3,clrvbw
2778961,[deleted],1564939716,evywrh9,clrvbw
2778962,qwertylool,1564939719,evywrls,clrvbw
2778963,[deleted],1564939721,evywrqt,clrvbw
2778964,qwertylool,1564939725,evywrwx,clrvbw
2778965,[deleted],1564939727,evyws0g,clrvbw
2778966,qwertylool,1564939729,evyws4t,clrvbw
2778967,[deleted],1564939732,evyws9z,clrvbw
2778968,qwertylool,1564939737,evywsl7,clrvbw
2778969,[deleted],1564939739,evywsnl,clrvbw
2778970,qwertylool,1564939744,evywsww,clrvbw
2778971,[deleted],1564939745,evywsym,clrvbw
2778972,qwertylool,1564939748,evywt4v,clrvbw
2778973,[deleted],1564939752,evywtb6,clrvbw
2778974,qwertylool,1564939757,evywtkr,clrvbw
2778975,[deleted],1564939760,evywtpm,clrvbw
2778976,qwertylool,1564939765,evywtzp,clrvbw
2778977,[deleted],1564939766,evywu21,clrvbw
2778978,qwertylool,1564939770,evywu83,clrvbw
2778979,[deleted],1564939771,evywuaz,clrvbw
2778980,qwertylool,1564939774,evywugy,clrvbw
2778981,[deleted],1564939775,evywuic,clrvbw
2778982,qwertylool,1564939778,evywuoq,clrvbw
2778983,[deleted],1564939780,evywuro,clrvbw
2778984,qwertylool,1564939783,evywux9,clrvbw
2778985,[deleted],1564939784,evywuzt,clrvbw
2778986,qwertylool,1564939788,evywv8u,clrvbw
2778987,[deleted],1564939794,evywvjo,clrvbw
2778988,qwertylool,1564939805,evyww31,clrvbw
2778989,[deleted],1564939807,evyww5u,clrvbw
2778990,qwertylool,1564939810,evywwb2,clrvbw
2778991,[deleted],1564939811,evywwd7,clrvbw
2778992,qwertylool,1564939815,evywwj9,clrvbw
2778993,[deleted],1564939816,evywwmk,clrvbw
2778994,qwertylool,1564939820,evywwtd,clrvbw
2778995,[deleted],1564939821,evywwv5,clrvbw
2778996,qwertylool,1564939824,evywx0q,clrvbw
2778997,[deleted],1564939827,evywx6h,clrvbw
2778998,qwertylool,1564939835,evywxn0,clrvbw
2778999,[deleted],1564939838,evywxs9,clrvbw
2779000,qwertylool,1564939843,evywy1c,clrvbw